company_id,company_email,company_password
1,dummystartup@gmail.com,dummydummy
2,liminary@example.com,wHHOSPbHxYMS
3,wabi@example.com,hBLWLOW39gyR
4,anivahealth@example.com,pIzKqFZKA1e7
5,item@example.com,Xvh2m2nYkLrr
6,lunos@example.com,QpL2iSsdfTLv
7,noxmetals@example.com,SsxBvC37VGDO
8,cradle@example.com,JUnG7AV1ArfD
9,polars@example.com,avKOsKtN0rB1
10,keycard@example.com,0ZdYhQZbxHr1
11,othership@example.com,YuMHWmWt8K12
12,elihealth@example.com,MoTNJNG3IPja
13,lithic@example.com,7W4eyquq8PfJ
14,speak@example.com,JJKv1r3rRJbN
15,airbound@example.com,5VXWhTZVA0Q1
16,rockfi@example.com,xzp5FI4a8fsW
17,pivot@example.com,NKWh1EGbbqgo
18,rayan@example.com,GUEpzUHXhYzp
19,lyric@example.com,nEsQwkJgRLol
20,neko@example.com,1k86OqRNJG4B
21,tailscale@example.com,eg6HrxDKhsH0
22,mollie@example.com,659byw0u2Sx2
23,rebellions@example.com,E82LLlnQjmnZ
24,wrtn@example.com,Ip9P42Fo4AWK
25,synthesia@example.com,9jhj2BUrVqrM
26,gradientlabs@example.com,uG3FYDy2fTXS
27,ben@example.com,MLb5gjHMc3Ph
28,instant@example.com,0uQ0rmIhdsAh
29,adora@example.com,JjWl7jZOaDE9
30,priorlabs@example.com,yVURUgmrMe3v
31,rows@example.com,7PIuUSiE9KWr
32,n8n@example.com,JefZvOh52Vdv
33,themobilefirstcompany@example.com,IxFiMl4TsO7Z
34,supersonik@example.com,JefCJpXcz3T4
35,orbio@example.com,pULUi4jzTlrd
36,enode@example.com,UwDOigQwFWSc
37,atlas@example.com,YMEzxBbpyzzf
38,tines@example.com,tEnKBWxnND5B
39,evervault@example.com,wy7VbyOMzaYW
40,open@example.com,6HmRt1jQAGZr
41,loop@example.com,gHBOv4KBaKD5
42,betterstack@example.com,8AXWxjFQkcqk
43,light@example.com,hVe0XPRaDDXk
44,teton@example.com,pmD94y6W0kS4
45,campus@example.com,e6rQll5imJCD
46,varda@example.com,OP27LGZAmLRL
47,eliseai@example.com,qh39811mhogc
48,voidzero@example.com,6gIclJOUGaNJ
49,airalo@example.com,0qmWdsqxLoVx
50,cohere@example.com,w7yFdoSz8N3C
51,alloy@example.com,kwfsULPUfJ6E
52,sonatic@example.com,EYvyAmBaPFvg
53,rove@example.com,7PVxkZ6bJRZV
54,basehub@example.com,FtFpmmAnpWPO
55,thegeneralintelligencecompany@example.com,mfONDByxj4VI
56,roundtreasury@example.com,K6XSf5DXVYlJ
57,format@example.com,UsfIBabtYuBG
58,pace@example.com,AXcCw0l01LmU
59,rosie@example.com,sJgcnOE9gi3m
60,supermemory@example.com,gUzN4TBWMvtt
61,durin@example.com,OZtPJjqLuxsx
62,midday@example.com,0tiHtwLX9tE0
63,subframe@example.com,zdYN1CyjoHOo
64,arena@example.com,FSdG2wFz9GxU
65,langbase@example.com,E5YrrVrQhmLy
66,operate@example.com,weEYBGIel0Nx
67,interfere@example.com,aN6Xl8IKwjQI
68,flowercomputerco@example.com,n1XM1X4WTUqO
69,hadesmining@example.com,OYxCR1ejJuB2
70,interhuman@example.com,cjs8BttUooXb
71,yieldclub@example.com,f5ob4oweEBXF
72,series@example.com,HtYvRldRNwHa
73,nowadays@example.com,tVgL2Wjp9Rv6
74,alma@example.com,lS1SXJ8pKVAd
75,twill@example.com,luAJiBJB8v9u
76,zero@example.com,R9gJJFsR4mEA
77,volta@example.com,QPrslNvLMOjL
78,lemni@example.com,x1fNFRsG5FT4
79,glyphic@example.com,1XpovpwrpIME
80,coplane@example.com,CWJzBBxKmCEc
81,tenzai@example.com,P25zyNdPBkaF
82,flint@example.com,tWlncTveY2Xm
83,composite@example.com,gbhRY2qMMy7E
84,espressoai@example.com,USQiYGYTnC68
85,zocomputer@example.com,4oq7SrLvyqNt
86,subtrate@example.com,oaa011IKqtv8
87,sunday@example.com,i3z4tFNByV62
88,alphaxiv@example.com,A1aqFQ15ybUq
89,orion@example.com,5DdyrCRCZcyq
90,buildforever@example.com,oEa3VYLPeCar
91,wonderstudios@example.com,GvZNTBwsKODL
92,runlayer@example.com,vBTrSytn1meC
93,mantle@example.com,wvqTwma1L171
94,ethos@example.com,lHBeernQu1dS
95,dedaluslabs@example.com,GZOW8GVvWwpU
96,medusa@example.com,PZhVyov3ObkE
97,mymind@example.com,IyolgNIVLo9a
98,worldlabs@example.com,zgi8W2gkToCm
99,airloom@example.com,zhbY5ZRjNNfe
100,onton@example.com,wjxFYHry3sXd
101,terranova@example.com,EDhXkR8eawQY
102,ando@example.com,etHJdDv2MIQC
103,fastino@example.com,jM3BcNmnx1kc
104,highscore@example.com,w666cZGme62e
105,slingshotai@example.com,XbKTMCQOlKbm
106,faunarobotics@example.com,1FjPfdfwo3vg
107,loonen@example.com,sC5m4iKdYtHu
108,teraai@example.com,NRls6dnRmk3i
109,subtlecomputing@example.com,fd6gjSuCuAMk
110,chroma@example.com,KenBBXak8Wzo
111,legend@example.com,lKgAzOTgw4Cy
112,inception@example.com,5pMP45UPWAvu
113,parable@example.com,rgY5pqk31c3k
114,normal@example.com,KC3q5chraiQd
115,meritfirst@example.com,7ZU2c7WMQvTT
116,letta@example.com,rdwx77rToWQ6
117,yutori@example.com,WEIGyJZilpki
118,catalyxspace@example.com,e2SRFSzILWj6
119,board@example.com,cjx2Fach0sl2
120,rerun@example.com,EXCgppafP1L8
121,throne@example.com,p1FnjDhh8jwX
122,extropic@example.com,2zoWxdHJPUCo
123,vesence@example.com,G9jIMDUuN5Fy
124,arcadeai@example.com,z8CYuN31nReT
125,generationlab@example.com,jfV5lBmdRKsk
126,valthos@example.com,zKq2pH78ssr1
127,outsmart@example.com,ERcOUoDlWnqG
128,natural@example.com,5C87EufywyMw
129,claritycare@example.com,eCZGE9HOTaFf
130,commonpaper@example.com,E9rMKkBVtVA8
131,agora@example.com,kh7OhOUSkqJq
132,sandbar@example.com,GAQbD8hylNkJ
133,bronto@example.com,Cy6agmpjEzMW
134,goodstartlabs@example.com,8WgDFhO0cKgD
135,osmosis@example.com,HL9Q2vUPKzIC
136,generalintuition@example.com,PIwuY2qRwLtD
137,sapien@example.com,m48xU2NZFlnv
138,warmer@example.com,eFaJH7fUmJXe
139,epiminds@example.com,BmUEZAvcWwYd
140,overlap@example.com,1IxMm4HHkpYx
141,causallabs@example.com,yXxGMeIdCe5s
142,sentient@example.com,8d61TyhJrP2Q
143,fragment@example.com,wZCHEhbgcxuF
144,zeroentropy@example.com,qdFDKRF98lbh
145,alleviatehealth@example.com,2WT2x01PX8x0
146,wayfaster@example.com,VrGbWkxXi4eq
147,perch@example.com,RXQ2WYaxF9U5
148,credal@example.com,dkVKYWaLbcTh
149,vulcantechnologies@example.com,YweM6PyZp0mT
150,anara@example.com,VxYECzNaqhHy
151,mastra@example.com,dLClprPFzjUf
152,monk@example.com,KKq4ygWS449I
153,garden@example.com,wO9WLNRX84Uq
154,primeintellect@example.com,BtV68sBEivLu
155,pierre@example.com,IstCRpTI2mLe
156,thinkingmachines@example.com,Ae2coNGfPTe9
157,moonlake@example.com,mx799cqTojuj
158,blackforestlabs@example.com,kCgTpMPcOLrB
159,artie@example.com,nJ2mfIdeMCEl
160,periodiclabs@example.com,SqUzEeBbgiC1
161,paid@example.com,YIcjrFfsraqm
162,clone@example.com,dQxMf76XLcSh
163,amo@example.com,cnWyLNbWZegH
164,arcol@example.com,qpHIMm29qvWg
165,podqi@example.com,baKuqJ37GE44
166,basedash@example.com,xK5N6tcfognx
167,divine@example.com,t9plA4NxjiI8
168,doorstep@example.com,o3VTPyn6dUBT
169,polar@example.com,sLJdhAMHfN1g
170,relume@example.com,3KuxjNR5vfcQ
171,ghost@example.com,Wg8f2sobNGow
172,generalmatter@example.com,9AOzGx4TGILY
173,axiom@example.com,bzYGz405Mmva
174,sitch@example.com,LjHKESr44L5m
175,astrus@example.com,7WD4aO8tdFvr
176,humanoid@example.com,AjhAjsAXOxxg
177,anon@example.com,1rdjvd1dvid5
178,sequence@example.com,8WQazekMJxu0
179,flora@example.com,llhpTPs4sxuL
180,floqer@example.com,uWB9RrhqKsjS
181,ordo@example.com,jbZgWvMhsziC
182,dupe@example.com,JIwENaWB7nof
183,raindrop@example.com,0lDtVE2t4MLD
184,sonder@example.com,GVMFUZ9rQZU0
185,aaru@example.com,PcVKfxAcUKMa
186,parabol@example.com,kMmNQkBkIF7W
187,biograph@example.com,Hls5b5zQGfoD
188,taara@example.com,slshXBxDUEyu
189,gitbook@example.com,mWz5DmpFNNsJ
190,autopilot@example.com,c2vLhxTCM9pq
191,adaline@example.com,srsapV9Y73Qq
192,popcorn@example.com,fhcDQ9F3yaxh
193,wiza@example.com,6P54OSiWjb71
194,basisresearch@example.com,oTL4yKFumI6M
195,appliedlabs@example.com,JWWJPOcV6IAH
196,conduct@example.com,i2VO3Jff0oip
197,orchids@example.com,FD36k2JpLQkg
198,isometric@example.com,nf8X6BlbyJBF
199,willow@example.com,2ErpPcQJ0Opq
200,monumentallabs@example.com,CrzMDjQ0SpTh
201,cosmos@example.com,lNh8Ra5kQJO0
202,amigo@example.com,S2LMEo8wmxDf
203,theinteractioncompanyofcalifornia@example.com,hmeurCalWIah
204,central@example.com,ZYsMUaDdf1GH
205,openmind@example.com,uY3MFOhZH0Pk
206,aegisai@example.com,mLdLBycIoyWb
207,agno@example.com,9cFmUjF1abAQ
208,farel@example.com,LsAlZ0sTnp3X
209,endex@example.com,3xYaby7ZZgWL
210,humanbehavior@example.com,YRyeT4otkNSL
211,keel@example.com,SaIcUa1wbO8j
212,tatem@example.com,0UWtUuQnMIRV
213,tako@example.com,XByhjKGnraLF
214,tensorzero@example.com,mVTjFHM2hgc7
215,adaptiveml@example.com,P7XiKD6KVHmU
216,ranger@example.com,8PsDtq8IZhvf
217,feverenergy@example.com,46ITf8NLPj0Q
218,rune@example.com,pkj18636ghxw
219,stash@example.com,O1zTTDJr2dsg
220,sanfranciscocomputecompany@example.com,ggQuBozPxSXT
221,astromech@example.com,PsuXyhIfq6Gq
222,aurasell@example.com,KApWCu7BFC66
223,langfuse@example.com,bkMMnzr5Seev
224,resolveai@example.com,XHC9jCjEVWH1
225,artificialsocieties@example.com,gwYV9ZJusABc
226,conifer@example.com,fjWEsFzyB5K0
227,efficientcomputer@example.com,CnAScrUb6o7P
228,syenta@example.com,xUOh8ck3ZkNh
229,invert@example.com,Yxy7QL1i8EXY
230,oway@example.com,zxQWUGgp215E
231,coframe@example.com,nhmULqitrrnA
232,definite@example.com,56vgTWCvTkvS
233,folk@example.com,gXnjlMYdFmBl
234,wordware@example.com,JTbYMTvNOe68
235,dub@example.com,pPbN3et325cq
236,mail0@example.com,k8VjNtMh6lK9
237,payman@example.com,8OtCy4e6AiRM
238,stacks@example.com,aXHt2zOxBtx3
239,pipedream@example.com,qsPCWjkckXwH
240,paradigm@example.com,vtuYGepDtoqS
241,chronicle@example.com,jeAZDNgqt1mu
242,julius@example.com,r4MtXwyfK5FP
243,alta@example.com,hFoRRG3vtauX
244,town@example.com,5kuMORhPUvEi
245,verisai@example.com,WFBbP1TesxZv
246,liveblocks@example.com,4pQjN7sPgp7y
247,upstash@example.com,YbH23WuvNJcE
248,eternal@example.com,TgC3q65Qe7Ah
249,hyperline@example.com,l9JuEjGQcwGf
250,instillai@example.com,Rg1Jx5ZcqGzl
251,nexad@example.com,d1BkQhXZM7Jm
252,voiceops@example.com,6jfx06Eq7NMv
253,adfin@example.com,jZIRtQvuowS0
254,roadway@example.com,eQCW2B5gw5hf
255,caro@example.com,EFU4NJyhzYI4
256,clay@example.com,pkDAqPJYUDrr
257,corticallabs@example.com,f0c1MGCFA3Vf
258,native@example.com,D8KAnxzaDsyv
259,radicalai@example.com,9z3sLJZMCDIR
260,taxwire@example.com,emgImMRUOYBn
261,loops@example.com,025d3dXzTH3y
262,orchid@example.com,pk65hV5BU3Kc
263,devagents@example.com,CrL07uNErfex
264,ceramic@example.com,GQaZSlYvXUQ4
265,yellow@example.com,Vgq5w6vZV1Il
266,layer@example.com,wu5LETcxXAFX
267,spur@example.com,aXbmSmGHq8Kr
268,nile@example.com,R1oaJ4IACjSC
269,genesisai@example.com,3gOAe73mEz2t
270,mura@example.com,4NYPez3ITALC
271,tankpayments@example.com,ykP1Ylaqq7MZ
272,tola@example.com,tpOA3Fw6FfTd
273,superlinked@example.com,MoKj10BqkFZl
274,amie@example.com,pXf0kFHVDJXY
275,astral@example.com,PiHDM2tJKa1X
276,dayai@example.com,PRMMHN9IUS05
277,superlist@example.com,ChPSF43JvfhJ
278,infinitemachine@example.com,oAgGhH5ROl0X
279,finofo@example.com,p59AiqJ5DnZ0
280,outverse@example.com,5ljV9fDdKvsv
281,aiwork@example.com,jyQDcgmTI7I4
282,traceloop@example.com,EXS69ptDJJTy
283,beacons@example.com,lFhVGOXQxBBK
284,mainframe@example.com,Xan1ccefKQND
285,sienaai@example.com,QsmynFKV0hG9
286,catenalabs@example.com,zq0Wn3rmCYeH
287,optura@example.com,7RlUnSQOQvMj
288,daytona@example.com,TPFkBW8hTr2K
289,cartwheel@example.com,YXUIKi2k6Ye1
290,doji@example.com,rcczbYQbDZgr
291,sent@example.com,krSLNbte5inV
292,adoptai@example.com,aX2o1nnxo69q
293,proofofplay@example.com,hKPg31J4l6o1
294,buster@example.com,9KizOevtMxxQ
295,adaptivecomputer@example.com,pcfLjIioUQuR
296,tella@example.com,LzhhfDU4PLsU
297,riza@example.com,9MoNHS9lMDHA
298,honeyhive@example.com,vvPnrWC6p3b1
299,pythagora@example.com,JgFSyLsKXzmB
300,plural@example.com,q1KzssVvB3aH
301,inhouse@example.com,RqdFgOZizuYz
302,browseruse@example.com,6kxQKq2Orxuo
303,kive@example.com,ylJeeiFpSlHf
304,1money@example.com,oHnUd8UnpbFf
305,fizz@example.com,Lk0gKseMQwa3
306,thirddimensionai@example.com,TVMWQzosc2VS
307,gymclass@example.com,vo4syQhuBm8s
308,thenmbrcompany@example.com,4EUNUcI7D5Fq
309,junaai@example.com,9DKcL5K2ekqf
310,luma@example.com,K6Lb5BTEFzhV
311,reworkd@example.com,5M7avO8w8NLY
312,era@example.com,j8EPmiblj1lk
313,index@example.com,rqOj2saXi7V3
314,response@example.com,YT8p0OmPz8PK
315,default@example.com,iTFwVTaOgEE2
316,pin@example.com,YRNiP7th5BDq
317,navattic@example.com,2peSxFKHrKfb
318,kula@example.com,ouwvLsNDLAjV
319,boardy@example.com,IjuXXpquWH91
320,positron@example.com,j7dv6nTPO15P
321,tempest@example.com,xP5jwSFSk3Pb
322,layercode@example.com,FgH2YVzmhgZi
323,pyn@example.com,t69sSSdmnbcK
324,rapiderai@example.com,qvD5Zpe83AZ8
325,cakeai@example.com,V6eX0srkBp52
326,wand@example.com,IbJac604drsP
327,count@example.com,HShCy9q56huf
328,acctual@example.com,4OLfm6PVQ9MD
329,fixie@example.com,qWqWTg4Kf4NG
330,parrotfinance@example.com,Yc5lNfwwn891
331,eraser@example.com,zVkufH8M45VY
332,copper@example.com,emTn964c1jjf
333,goodfire@example.com,e5nxVzHmr0rR
334,momentic@example.com,vmriuIrOISOl
335,rainmaker@example.com,wXVepk8J7pb0
336,sierra@example.com,hznG5B8IIeaJ
337,flexionrobotics@example.com,ZTclQpporUxH
338,tailor@example.com,gXsU21ziOF08
339,stuut@example.com,8RDBr13gKVfy
340,physicalintelligence@example.com,pxK1RPvgR78B
341,doubleword@example.com,uOtfi9CDIl3m
342,wisprflow@example.com,P5dfgXQms9c2
343,archetype@example.com,rkVBoEGJVeAr
344,flex@example.com,6GTDFklq2QtX
345,sphere@example.com,ElxVw6LomFgx
346,peecai@example.com,ijFvGai87k2a
347,greatquestion@example.com,mxbtJqTqtdwR
348,span@example.com,7WlRDIFMnmQd
349,safetykit@example.com,Y2Ui70Mk7xbF
350,eventual@example.com,YQWVGHuSq2qJ
351,meow@example.com,PbM2crTVbmMY
352,outtake@example.com,fErNiRQDQFW3
353,mithril@example.com,bjMA6MAVHHmJ
354,aui@example.com,B2KlUqO1EMqT
355,reevo@example.com,WiUUAgRELEjC
356,posh@example.com,8IYfd7Qve4IQ
357,chronograph@example.com,iJCKjle1MFV7
358,console@example.com,MRTR5wnJnW1z
359,wonderful@example.com,lF5D8eTLwQMD
360,parallel@example.com,thQFinktIdfC
361,shortwave@example.com,7URnOFv7hHaD
362,chaidiscovery@example.com,eCMd5DPckUFw
363,marblehealth@example.com,Z8cPDPJcnXTt
364,cocoon@example.com,QQPBEMZUVml9
365,miter@example.com,aAUEAwQA46ZI
366,flintk12@example.com,XkY08j9TFj1D
367,blaze@example.com,28f5rvZ8j2Ij
368,tavily@example.com,bxxVy4WQrdb9
369,impulselabs@example.com,G6yRlLvuHIST
370,equals@example.com,3Ax4SSq2NOxh
371,decart@example.com,J3zMQfnaIFrB
372,lettuce@example.com,YC51hbpTAgpt
373,flank@example.com,MIBWh2NHnSaW
374,headlight@example.com,8c9IDnhiAKKI
375,matic@example.com,1DFDRIZtKICF
376,symbolica@example.com,APJy1ynO2kc6
377,ekho@example.com,RN08wBiyuhLP
378,mosey@example.com,enY0LGKPMmJm
379,sauronsystems@example.com,YjccDlOS8po6
380,bevel@example.com,kfFXum2FhhXY
381,kaizen@example.com,r9petXj6Nk5z
382,aryahealth@example.com,R4Mpi7hOnrV5
383,loti@example.com,nvJtILCHxWof
384,fabric@example.com,r5486tXi5vJt
385,mem0@example.com,0OUBOE5dzn94
386,inngest@example.com,xu3lrOjAnBBg
387,musicai@example.com,qDQDdMFmzkt3
388,enterpret@example.com,Z6S3T6bZ45DJ
389,lilasciences@example.com,Qqr3FqZ0fD06
390,silna@example.com,XgiuxOnGGAwu
391,alex@example.com,LmINPc7e0XDr
392,listenlabs@example.com,M56UalJwzMX2
393,manifoldbio@example.com,pKvqf8XynWjN
394,heygen@example.com,s2Ppteqmq84R
395,spline@example.com,HYPXcSdKBUO8
396,lumana@example.com,uQ3FTzLpMWEZ
397,infisical@example.com,iPxLJbsJD9a9
398,nexus@example.com,7mgLBBxcvXdl
399,augmentmarket@example.com,f59YFZQ8BVAX
400,serval@example.com,tqgQXBRBOf2R
401,starbridge@example.com,G3jYYnlq5aPa
402,osmo@example.com,YDMUiwIwNpRX
403,dust@example.com,6cbow0LcmEAB
404,tempo@example.com,GQRPL683uuso
405,strella@example.com,wcVmiFvYMyVR
406,finchlegal@example.com,zgic9zQOdLej
407,counselhealth@example.com,zDGmnhcSZhc1
408,privy@example.com,gECTAHrnQH2V
409,warp@example.com,O3DKgWU2k7N9
410,trunk@example.com,plEvipKZEu29
411,auger@example.com,Ir7pdunzz5zk
412,arta@example.com,SQZr0dQRoiyE
413,mainstay@example.com,KTpKHmUxIlH3
414,kernel@example.com,8Ic8ddtXVUGz
415,datacurve@example.com,FV2GquQLWEp0
416,crosby@example.com,EjZIeOAnYuIr
417,junction@example.com,OyC1qdaZ69dX
418,glide@example.com,QdmYG7hJI6cX
419,dualentry@example.com,NXZvb3PQLOSX
420,summation@example.com,WNgVe2228u6r
421,inversion@example.com,Bv0S6o767j3z
422,dash0@example.com,gnEnXeKhkT24
423,chargerobotics@example.com,7LUFvKAkx4BL
424,assembly@example.com,PhWGC3lt0C9m
425,anything@example.com,1yCx2IAJaaJP
426,framework@example.com,rMvurT3nxWkD
427,nomicai@example.com,hZzAjsKYEwq7
428,antimetal@example.com,iZTepwtiCe9u
429,delve@example.com,V1gQ3xQhOai1
430,openrouter@example.com,e5sBgoVCqQA9
431,polycam@example.com,m6KFO7pFB3vI
432,hyperbolic@example.com,8Y182fNC8G61
433,offdeal@example.com,L2x0gdg0rrlM
434,draftwise@example.com,YasN7cUB3ISd
435,juicebox@example.com,H2lix91ZEZaU
436,plain@example.com,mZ0BJizi5R51
437,allium@example.com,QGWYkNhETAzJ
438,synthflow@example.com,LDfVv58UK6ZJ
439,nudge@example.com,S2lLQOljPrtB
440,copilotmoney@example.com,H5UluEhdawTu
441,generalistai@example.com,H1NMTLIAzrIg
442,neonpay@example.com,SXBDISrLsMqe
443,succinct@example.com,BeSws2rerQls
444,gordiansoftware@example.com,RDKuIIZG92MC
445,seed@example.com,4sPQJ4eqav9t
446,cube@example.com,i4EtjZyKnzzu
447,jump@example.com,5ZRF8J0Nte83
448,telo@example.com,my3BQeaLIjCJ
449,greptile@example.com,bZrauDF8OC4o
450,kaedim@example.com,8FZwi7mnNdAh
451,radiantgraph@example.com,uEHlrxLJtk8K
452,salt@example.com,NNjERu9PciJs
453,tldraw@example.com,GPncNbG5ljZm
454,spiral@example.com,9mEuc4vXrzcZ
455,theroutingcompany@example.com,py3fKqSdWrEG
456,tembo@example.com,Rnz5iQuJYMs6
457,centari@example.com,59FmMYVLJBVw
458,arcade@example.com,lpcEsOrQsOW8
459,vellum@example.com,Gn7SDhDU9C6v
460,bedrockrobotics@example.com,EHph96rkP6KT
461,fundamentallabs@example.com,knqtAHbjUqqR
462,daylit@example.com,mh90p4drd6qa
463,blacksmith@example.com,2xGyn3wGnkbl
464,macroscope@example.com,r56MnTCKYq94
465,rec@example.com,UDPk11QondIS
466,irregular@example.com,KVoJeMoAiYIz
467,apothkary@example.com,E9Ki7udPWF3F
468,hyperbound@example.com,qIRRgigwKSgq
469,bircheshealth@example.com,6oyGnzetzSMB
470,monumental@example.com,M0n4bjgC7TT2
471,rox@example.com,XQ0vFRgpHSv0
472,dynarobotics@example.com,SlvD9HpOayS1
473,felt@example.com,qw7zhUubNITG
474,prismic@example.com,4FM9dLEsO09C
475,eudia@example.com,wWZQamYhL9fm
476,comfy@example.com,NMV0vAdhBjuo
477,tollbit@example.com,5rzQQX33YyQe
478,pogo@example.com,5hzxSg4KCfkl
479,anterior@example.com,93AdzCxl42AL
480,gensyn@example.com,hnlZXAGiR8Dc
481,stackai@example.com,2pmevHIvbNac
482,hedra@example.com,xkHSmPwvWt3H
483,greenliteai@example.com,cDcmQlH5sIvI
484,avalanche@example.com,2plN5M2oBQ0q
485,koi@example.com,oWsQKjR2qdZR
486,claim@example.com,UlNFyUUqkT2D
487,born@example.com,LyP5ZpOpVkmB
488,symbiotic@example.com,wuxzwq6MY8Ju
489,kite@example.com,W9bfmdjXP6Od
490,euclid@example.com,r2IEBEI1iaXr
491,buena@example.com,NegMvd9jqdtr
492,superpower@example.com,cgxXz4Ij2ldv
493,ellipsislabs@example.com,fmSPYtbEU1sF
494,senrasystems@example.com,llsrctvdEvFV
495,inflectionai@example.com,4meKYrDO4Pku
496,augment@example.com,QaV4egJ6eZ8I
497,orchard@example.com,1sBmbPHHFEqB
498,aetherflux@example.com,55WCXQHrxYJg
499,eyebot@example.com,8yXIk4ObvUpL
500,kingdomsupercultures@example.com,B6SahJpsbFDy
501,antares@example.com,SypQC5ySHEr6
502,pacificfusion@example.com,NVvsBTJv6qwl
503,hook@example.com,kuRUrFRmXfSQ
504,femaleinvest@example.com,MxTUEMGzsz9D
505,thenuclearcompany@example.com,6zmLy5doxr8Z
506,upwind@example.com,68sKHLVXpDOv
507,conversion@example.com,WzRMEcAoMKUa
508,playbook@example.com,phlSaf2DBgHT
509,leland@example.com,bHX9XBVi56Qn
510,tinyfish@example.com,OmCxeDvsykfl
511,doss@example.com,0DO3frfnF7LO
512,odyssey@example.com,9Due2okoNnRh
513,nuvo@example.com,bCbgjuGqWQpp
514,footprint@example.com,He4kcU3cWBZT
515,griffin@example.com,xaj71rhrcu8m
516,cline@example.com,u5LylKA7bHJt
517,fortunahealth@example.com,4AAacw5Y4JOd
518,alix@example.com,ujNVQpDOdtzP
519,sola@example.com,snOfhW68GFMp
520,runway@example.com,mzJGJy7tEixD
521,composio@example.com,a6dgGK1ofrK8
522,mangrove@example.com,eqE5t3Y1miOP
523,lorikeet@example.com,avuf1VM2D2RT
524,lightsource@example.com,e7xlImvWc5LO
525,redo@example.com,urfPR04kYvUi
526,backflipai@example.com,v2c74dIGu9Ck
527,ivo@example.com,5ZuZNBzQgvhW
528,solveintelligence@example.com,UwxcMUXaNWHk
529,power@example.com,DsWclLldTZAa
530,salient@example.com,xFMJmZFfeIJS
531,armada@example.com,YUsv8Tq6VTWm
532,latentlabs@example.com,NvkYBZlUu7yv
533,basis@example.com,M8ct3RQiCzoV
534,momentum@example.com,QF8kX4qW7FQg
535,deepnote@example.com,agifoQRpDk5w
536,fireflies@example.com,aL3RzpuaQ16Z
537,peach@example.com,N8q2hWzL2v0B
538,pendulum@example.com,hFFRdiMdG7iW
539,moonvalley@example.com,qtKfWpXqUDvg
540,liquidai@example.com,7l0C1B91SkRs
541,grain@example.com,kPxH74qzWT1b
542,jam@example.com,z1DAx1UGWjKu
543,rutter@example.com,EBybAECOp7cb
544,whop@example.com,IiWZ5bdT3f61
545,autone@example.com,nedEwRAHn7xS
546,dotwork@example.com,pQm0Kl2peEFd
547,v7@example.com,uUDGDjldzgFs
548,tigereye@example.com,u7G4uG34269L
549,palmstreet@example.com,2PbnXuT6p31h
550,fern@example.com,2G8R7UHr4DOc
551,formance@example.com,RqIG3SuKvjAg
552,vacation@example.com,aOue6W5H8GtE
553,please@example.com,c9Os9SqGOzKu
554,vapi@example.com,DtROTgl9zFwj
555,seriesai@example.com,F9Iouw4vRaul
556,adaptivesecurity@example.com,PJ4MKQ0BdeQ4
557,jasper@example.com,dK3sxHp1dBA5
558,activeloop@example.com,Sm4zCcxY89Ib
559,threadai@example.com,5xASNieVC7SS
560,apheris@example.com,kW2lMI2Vz3eg
561,rally@example.com,HOHpx1Vt8r6V
562,vesta@example.com,gi1rhSdP0sZr
563,chalk@example.com,Q8PUieuQjfSQ
564,superblocks@example.com,R0CgX1hncUM6
565,vectara@example.com,aAVynVLp1xp6
566,distributional@example.com,bIgTDMqciGks
567,marqo@example.com,evA6jBHUWzVu
568,lavender@example.com,y3LccpHhKxfs
569,superhi@example.com,O1crvZeUlYMQ
570,slite@example.com,Im6IbIDV2v5D
571,ravio@example.com,pALmCqi08Jw7
572,particle@example.com,7044zm4tzMZr
573,stackone@example.com,gNDGejgbkNGm
574,cinder@example.com,SPvRTiaIzeg2
575,sennos@example.com,DdaIc66yvxcd
576,every@example.com,YAb6AEOxKuzU
577,jumpai@example.com,uZ8zJV1lqxdQ
578,capsule@example.com,85rlD8UytI6d
579,cloaked@example.com,96ZZtPo8yVpk
580,roam@example.com,pCjQA1zvLx5N
581,brightwave@example.com,767TqpAMsSMV
582,carry@example.com,buz9bk21SzaM
583,playground@example.com,FYmNopOELFFH
584,marco@example.com,tFOu8sfHmnUJ
585,attention@example.com,OAZMBd1x2fgc
586,nsave@example.com,7KS3MGMY9aTp
587,convex@example.com,e9XNt18K09xx
588,qdrant@example.com,XxAKT6T2YPnJ
589,circle@example.com,ksis2olutCvc
590,adaptive@example.com,rTaiAsIcsGkN
591,vantage@example.com,Fguim7UNhnc6
592,newlantern@example.com,rptLHeur8dZo
593,alloyautomation@example.com,EHnWdCDIW1de
594,remofirst@example.com,5ErGfwgcpxLm
595,brm@example.com,NwmY2WIIaD9a
596,bunch@example.com,ZHNxNxyMG1wW
597,seenhealth@example.com,l11t9kgM6Ozq
598,xano@example.com,jLTxPPTZ2bBT
599,gumloop@example.com,11fP8mp9iQ5a
600,sybill@example.com,4n5jFipPDDgC
601,moonpay@example.com,RAf8wHFZR8Kz
602,permitflow@example.com,oVHFksnW4cIB
603,tana@example.com,GPiFj730EgMp
604,suger@example.com,aZJp8SfFnMJH
605,tofu@example.com,8siTqMrD1Bit
606,venn@example.com,OCudZ3HDz7ya
607,paragon@example.com,jukcGsNe8iVo
608,podcastle@example.com,nNqb5Zcd44mb
609,stainless@example.com,QuAh3AFzBBoD
610,rootly@example.com,2ZvhRWVWxGOE
611,flutterflow@example.com,kENFYoPqRu2j
612,firsthand@example.com,0DCXXTU0XOut
613,doinstruct@example.com,kTj6wUWEgFUs
614,lago@example.com,ZDf0C7hkotQh
615,rive@example.com,SHWo4hXFRlGu
616,planhat@example.com,OhBBL1sEMa0X
617,levels@example.com,GlerQvU4lr9O
618,puzzle@example.com,anKNZER0qayo
619,anima@example.com,klN0C7mYf0A8
620,iyo@example.com,13D4uM05SyID
621,collective@example.com,09hJk8FeqD29
622,fractional@example.com,rWseYoHFiO83
623,daffy@example.com,rtbMa8RZJps7
624,worksome@example.com,H0oeisyEsrXO
625,welcometothejungle@example.com,kjaEq3KQR2Sd
626,dovetail@example.com,yyrOhXPw6wh1
627,noetica@example.com,5Sm6HyyOglsg
628,bridge@example.com,tiGfkFyM1PVJ
629,luzmo@example.com,CKhSfy1wHALF
630,boxo@example.com,3zC09seEoMIa
631,defacto@example.com,vfI3bLZguhLQ
632,ngrok@example.com,6rGSUS4wIxfq
633,sunflowerlabs@example.com,JUptGJ8nk7Af
634,normai@example.com,2kA9fnUouWFk
635,pallet@example.com,kAmb2VX8HJzo
636,graphite@example.com,BHKRYXLjiAN2
637,agentio@example.com,EWZunIFD7nXB
638,origin@example.com,sCWpYTnHPOko
639,m0@example.com,2CCQMux5xRpq
640,april@example.com,qbh65T3ieRJl
641,simulate@example.com,3w2oG7vHSFDD
642,rekaai@example.com,xRr70c1xd8sW
643,cover@example.com,DH4OFTrZau24
644,lightship@example.com,AYqHHcsPqQD0
645,numeral@example.com,18V7BFCqPI8E
646,gigs@example.com,8MPzUAg08sam
647,tavus@example.com,FFhN9mGKCAq3
648,gcai@example.com,T8H2upyHYYHz
649,sweetsecurity@example.com,MW3ysZntXsS5
650,airops@example.com,7NP8q38FpLK3
651,quo@example.com,qBxuzNoV4xqC
652,gamma@example.com,akhKnTLzQDXN
653,rain@example.com,b4cUvqHkF7MT
654,trufflesecurity@example.com,Ly4pTVqcsXMY
655,spellbook@example.com,0kADIQZsL1qb
656,hummingbird@example.com,3pDWNToIOip0
657,poolside@example.com,4hFHLFQJT4X7
658,vizcom@example.com,GePMAcVXdqQj
659,1x@example.com,Hycs4i7XoEpt
660,cartesia@example.com,G8ynIIYbzQaj
661,contra@example.com,gN0iFOSqjtmE
662,shopmy@example.com,EKE3pzKsL4MA
663,nooks@example.com,PckChQS5x8sU
664,sesameai@example.com,REkdyvvYU1TB
665,langchain@example.com,FDCNNEGhbo0i
666,replicate@example.com,dVlIPVRQ7Q47
667,comulate@example.com,iwYu0qMSjqOM
668,pulley@example.com,2N1XIh3nRBTP
669,nominal@example.com,anAZp0P4TqUC
670,heirloom@example.com,DpHCJI5Dhszu
671,reducto@example.com,UySkuMf1VxTO
672,opalsecurity@example.com,bcGEo0RUkzrn
673,reflection@example.com,FKDdn12Xqa5F
674,davidai@example.com,UIoYcf3HuNH3
675,unify@example.com,F4e4tKmE0B0n
676,seso@example.com,339laB3PHZIv
677,quilter@example.com,XUIDTdHH9l0m
678,filigran@example.com,ChK509AEYNLS
679,livekit@example.com,ci2iE3Z0ZJlE
680,aaloatomics@example.com,DHGNwz7sPww6
681,promise@example.com,lAR848kFz2qq
682,blackbird@example.com,CpOwJzoGWHmy
683,cape@example.com,9eLURCNxkWJG
684,eve@example.com,86CMg7VqUQyo
685,modal@example.com,aveOugNgzVgo
686,magicschool@example.com,loJFUCaYacUL
687,fermt@example.com,4lN8piZ9FAGD
688,apron@example.com,ajbt3MfzVcze
689,newlimit@example.com,MHff84TLvAo6
690,slash@example.com,RbmhhExBkuI5
691,metaview@example.com,IKvaA8iniixH
692,parabola@example.com,XmuE16Y6njhm
693,modular@example.com,2JzVMi61XCpa
694,numan@example.com,vGUNrbf5aBkm
695,imbue@example.com,XvjFHovYTzWo
696,factory@example.com,JU8d8vHOLULK
697,padelhaus@example.com,hnzVPU3WE1qz
698,craft@example.com,qttab5d9iiqg
699,loyal@example.com,JVkx0ihSgngp
700,zama@example.com,NfVaM4Or3fZE
701,aleph@example.com,4V7smT0QBrXI
702,pika@example.com,3q5rvLCsEXPO
703,omnea@example.com,yn930sRhomEz
704,tabs@example.com,aH4XP8so9Ztv
705,greenlite@example.com,UFzpJF0xxABt
706,11x@example.com,WdI9e41GRtJ5
707,rainforest@example.com,4t3PAi1FV2V5
708,pinecone@example.com,Gzi7f73dJ28L
709,typeface@example.com,83ap5Zg3Php6
710,recallai@example.com,K4kllzX68JDV
711,rogo@example.com,w3H0UQ2aa2HD
712,exa@example.com,WYo1U8r5c3EA
713,camber@example.com,7Pa96uymBmfc
714,dagster@example.com,VNli8UvrYfYU
715,attio@example.com,x5o26Uykdn9c
716,haus@example.com,RBRw4fblBB5W
717,merge@example.com,JDDl5uam7dwv
718,choco@example.com,wIISNGLNxYoS
719,roboflow@example.com,r6bg8XuaN4FN
720,middesk@example.com,xTt4oVeaKbKQ
721,thatch@example.com,OM3rQd27Wkg3
722,pylon@example.com,5bHBXT6uA6sO
723,keychain@example.com,cJQQKDE0WuPg
724,mytra@example.com,ErUVTwyUc2nT
725,stytch@example.com,uRGWwdUMxjam
726,hyphen@example.com,E7KOSdhrvZYj
727,squint@example.com,K1VjNdhj3tPc
728,profound@example.com,dFW68iC2ggyh
729,lindy@example.com,zDDb0U0tJgsv
730,rillet@example.com,oqaQhNAPi6cW
731,wander@example.com,UFc6hiUKUV4o
732,prefect@example.com,su50bTt9rCq7
733,augmentcode@example.com,unoX6ngAmV5W
734,narmi@example.com,ykIMzmvrYf40
735,pinwheel@example.com,BbreTJJ758qv
736,trmlabs@example.com,B0RNzgxm56Kq
737,humeai@example.com,KRkoIWTClWKx
738,prisma@example.com,c66LWfeGYazR
739,bland@example.com,VZ4Xibx2A2Tl
740,magic@example.com,r3wT7xMuZISn
741,skildai@example.com,tj9glBoTDVP3
742,savvywealth@example.com,8YyNm5v7xjI6
743,planned@example.com,sQTJdwFeEE6C
744,lumos@example.com,Lj20dRG31Mn2
745,primer@example.com,w3L7Pkki4csv
746,raycast@example.com,lyP76ygygfwV
747,assembled@example.com,k0dWPaeXAsMR
748,story@example.com,C5yMyUh8NaOO
749,checkly@example.com,f9TYpnj4AU2Y
750,plenful@example.com,RRrlP5B4T7uK
751,rho@example.com,J9GT8F8hQhhq
752,pliant@example.com,mDDwV2tVxMkN
753,italic@example.com,ByJVsMGimXLI
754,froda@example.com,kMLhXSrvEYDM
755,nourish@example.com,1aQNrf7yFaxp
756,courier@example.com,sN8hTgaXFaGH
757,portio@example.com,RkfyJBYag6oh
758,hebbia@example.com,56fJD6SzE1j1
759,butlr@example.com,igNWiIywv55d
760,neon@example.com,WX6JHmPfbnlH
761,array@example.com,oElk59PJzq5n
762,volt@example.com,I5iZDSmUrDUg
763,nomba@example.com,u5zccCS9mPhl
764,anomalo@example.com,rkUkuc1GSzxv
765,sesame@example.com,O6ej0VWbd6TT
766,adeptai@example.com,8VsfTGvd7PA0
767,transcend@example.com,6XJrnEo6icha
768,zeal@example.com,FIgSlUpkLNjW
769,encord@example.com,8KAxLtmpjghn
770,orb@example.com,ZdqrCrSEZy1l
771,ultrahuman@example.com,x3QNNFrooqBl
772,tinybird@example.com,nqVH4nPcW9Wy
773,togetherai@example.com,QJMyuqU0Y0ox
774,mistral@example.com,c2EgG6g7nXpy
775,taktile@example.com,WfOHvP7BsyT6
776,beehiiv@example.com,HegnGCm3O04f
777,moderne@example.com,AwsnqKbXu1VM
778,omni@example.com,xHSUlOmzE75t
779,convictional@example.com,sxlhDkcy1CXF
780,shortcut@example.com,9hPkMRiHF9j9
781,partnerstack@example.com,Z3M3KwGovBGg
782,census@example.com,hvi5k3U5P3xM
783,finch@example.com,suxWXUKKuDXP
784,nectar@example.com,Iru0bIKH2aOz
785,layerzero@example.com,2CoilqMYGaol
786,deepgram@example.com,E8N9qteqlodT
787,orum@example.com,fB50n5ZCHHxN
788,clearstreet@example.com,6ZALjlQg3w96
789,flare@example.com,q9v87XocwC3a
790,cometeer@example.com,SMPdnZtzlx9T
791,juro@example.com,6NVKikx9hpgm
792,duffel@example.com,I6rU4udHYnjd
793,socket@example.com,QI12Mq0D9lW5
794,flatfile@example.com,3I4Hx0HLeAvb
795,pitch@example.com,ZZm9GwutEa21
796,mutiny@example.com,wwv96hkKULTt
797,chilipiper@example.com,ZPYPNSE3pEka
798,range@example.com,AYQSqKCHDguG
799,lumafield@example.com,CXL1hFk8YT9l
800,lumaai@example.com,A8Iw8rx9p5jW
801,clerk@example.com,jvCAp9Zif120
802,parloa@example.com,3gQCOTmyIBzf
803,scribe@example.com,2I299hzakF4d
804,hippocraticai@example.com,mnoaJtkjRWMz
805,sanity@example.com,fDepKIgne715
806,sublimesecurity@example.com,yGgybDaksASj
807,legora@example.com,Ca5DzivA8nKC
808,apex@example.com,NuxiBfAMS3Cl
809,mercor@example.com,SNB3iG00t5lX
810,owner@example.com,OizHxFZEjJ7Y
811,clockwise@example.com,aqwb94mjgc3Q
812,naturalcycles@example.com,mLkkJnT6WsDQ
813,base@example.com,VTcBxfrwpr7m
814,einride@example.com,kamqKILC1adj
815,imprint@example.com,UVTSrpZ2bz0u
816,nexhealth@example.com,M00S5toaMZ1k
817,colossal@example.com,69RqFwxF4QzO
818,figure@example.com,xNCezYa8F4Ua
819,meter@example.com,lHOl8S0yAnL9
820,replit@example.com,ySUyGjppqex9
821,cognition@example.com,jcDkZUXs2pNl
822,mural@example.com,LYMOcoN8QAzW
823,mirage@example.com,M64hRG8Oiiao
824,you@example.com,nBgkHGh90K3D
825,watershed@example.com,1qoxf0Lk0ssp
826,tigerdata@example.com,An8TU9TybDHT
827,stride@example.com,5s4EesdLQKju
828,jeeves@example.com,8tQTbO8sGi84
829,elevenlabs@example.com,eU24QMtNBGLw
830,viam@example.com,lEUuwC5cpQUt
831,fora@example.com,8Dy6vJnwICvT
832,hadrian@example.com,EVFK6XtPgO67
833,hex@example.com,Is1SZFyczaaE
834,engine@example.com,4pbA7XI8RVma
835,olipop@example.com,mnqhPaoQIrLk
836,laurel@example.com,erxIx3cp9XZU
837,finix@example.com,P14DF6JNWlcZ
838,assemblyai@example.com,o1jm6BBch0RC
839,retool@example.com,VvjumK0n1j9B
840,render@example.com,1HUsOgRKcFp6
841,parafin@example.com,0K7UI44pREXQ
842,temporal@example.com,uQ3hJ0adnA3e
843,mercury@example.com,rfL95mJAyqIj
844,phantom@example.com,OJJLV9RnPY3G
845,ada@example.com,6rf1nbNmmQE4
846,funnel@example.com,4OGRqXUmMOLW
847,polyai@example.com,evcYSxWOyNP8
848,riverside@example.com,qxkv341fQDRC
849,writer@example.com,3E051vKbhuvX
850,candidhealth@example.com,mZIOzHxCcTR6
851,metronome@example.com,6Hfhkn8Cpeqt
852,bird@example.com,HCxV1hRtFztp
853,planetscale@example.com,mvO1llyLGX9h
854,arize@example.com,LDwLUdHiBcFp
855,descript@example.com,BtcZKF6z8TDz
856,digits@example.com,GUIzWge3dKfk
857,justt@example.com,Nsha35Dtxla4
858,1password@example.com,IpP85qYmDmHq
859,guru@example.com,APk5DA19cr8M
860,miro@example.com,697wY1hJJ84m
861,mixpanel@example.com,iEkK5fJ4kThf
862,remote@example.com,nMZgHZkxDn1G
