user_id,user_email,user_password
1,dummyinvestor@gmail.com,dummydummy
2,keyhorsecapital@example.com,IUKzY00lvD4U
3,drmohamadsaab@example.com,Cz9RhuaTgbSR
4,jtventures@example.com,NZK41H5AncAM
5,reuseful@example.com,LmsCiqkFZzKX
6,haatch@example.com,0sfTRtsPcA9X
7,epicventures@example.com,XUQgBpF9XHBt
8,aureliaventures@example.com,aqfawyr0PRXg
9,pipelinecapital@example.com,E7dY0eTKtuYf
10,singtelinnov8@example.com,1Q41OlAosBg0
11,gvxvc@example.com,QGoWxoTBU3DG
12,dxangels@example.com,SOjzJBZ29mzA
13,bh3growthequity@example.com,WLaI9uzkL0U3
14,dominoventures@example.com,vvf12I8zu8fz
15,sabbancorpinvestment@example.com,uUfwXxDmn6DH
16,stuartnixdorff@example.com,HaX7QxQEHHni
17,nimaimanagementconsultants@example.com,LFLf4q43RHJg
18,14w@example.com,e3yGQcxOqe2g
19,ptsaratogainvestamasedayatbk@example.com,i6ldfdUuwz2L
20,section32@example.com,qahLNfdphQgZ
21,ascensionventures@example.com,0JV5F3Rsg0Ch
22,maxrichventuresgmbh@example.com,X77VduNwr3ih
23,volitioncapital@example.com,kjuvu51WZOre
24,northzone@example.com,JhoO7dNtYQmm
25,cataliocapitalmanagement@example.com,vjTjkIgz8los
26,sva@example.com,YmlEeejUJ3WG
27,celestacapital@example.com,lNmH9ETZMtvq
28,intrinsicvc@example.com,MLuZLDMkrseL
29,france2030sgpi@example.com,SvtWfAKLismJ
30,aipseedvc@example.com,RnGGA4TosGNp
31,underlineventures@example.com,3Pf2KHxf3PUf
32,capitalfactory@example.com,0KONDUPljKS4
33,siddharthroy@example.com,mDDDXERQpPrq
34,lunarventures@example.com,eUnQkLWPDrbS
35,weicapitalmanagement@example.com,F3nhaYrYZU8v
36,lvlupventures@example.com,MAMefmnImQ7u
37,fundfashionvc@example.com,ejhQuwMATNbf
38,michaelbroome@example.com,alUrXMf7eGfe
39,noahshamus@example.com,YfaSPUHTcgFB
40,cyberfund@example.com,6zs2KgPAtJ0z
41,htgfhightechgrnderfonds@example.com,mmIWIJ4WqMRB
42,francoisgeraldhochard@example.com,xuKRyGmzBG2w
43,bkrcapital@example.com,GvqXtd9RIVQH
44,norselab@example.com,NoCF5BqFXvjQ
45,velapartners@example.com,UOzased6lsyc
46,westmereventures@example.com,dshl3SJfIDm1
47,oxfordscienceenterprises@example.com,2qIETCwJPcJq
48,fenbushicapital@example.com,sK7fSsCNPJ1A
49,groundcapital@example.com,cDxfAA3B2adZ
50,colinweston@example.com,xLVG1xn35eml
51,3vc@example.com,pKxNJZu5jfiU
52,nobrand@example.com,JtDTtrSSZBWW
53,amitgogia@example.com,jpmQWVi5RhQ7
54,vesnacapital@example.com,8fDvsraQdMVH
55,lukkapventurelab@example.com,Bh7t8DCfC7WI
56,francissantora@example.com,QeSEbdgXGq4P
57,doughickey@example.com,pp35VBHSsaZ4
58,kxvc@example.com,WaaCPPBeGgkB
59,htgfhightechgrnde@example.com,Sbx20ROCIBge
60,ascendovc@example.com,4U0duItKZpjC
61,cambridgeinnovationc@example.com,DRNyT6Ql1lfl
62,okyaventures@example.com,eP2lRGuPg0lO
63,team8@example.com,yL0m8qvqzVWM
64,500istanbul@example.com,GBeYtyj5X556
65,viaid@example.com,fGQm4X4v0LWj
66,scefreiraumventures@example.com,WEgtJSdWfWvP
67,jeeny@example.com,R2sRolx9lzHr
68,barakedut@example.com,8dR5p25hLe9R
69,sufengli@example.com,ZdwtRlsOPDoH
70,otpventures@example.com,9V5NyDVQaPsm
71,bdevventures@example.com,WHhaH8qhAs2t
72,setventures@example.com,GrjPMV5D8BTL
73,kathavc@example.com,1bBJoDmwtjkA
74,tspventures@example.com,JvztgSVlFnWL
75,firstmomentumventure@example.com,byniPO7NeMWq
76,rubioimpactventures@example.com,xrxspCle0fwi
77,ovcventures@example.com,1rrruPcxvYjR
78,jaredluegers@example.com,SbmB97NfyFb0
79,springtimeventures@example.com,geBynbfkONsZ
80,airbridgeequitypartn@example.com,f855LcglWNun
81,curiosityvc@example.com,iY7q4QwEyQnY
82,orangeventures@example.com,SxJTbSdvQ4BU
83,abacnestventures@example.com,MG143Bd2guDR
84,frameworkventurepart@example.com,FxkSetWxTlNf
85,turennesant@example.com,Jry4ezGNgxfo
86,ascentrocapitalpartn@example.com,ZCeU3fM3Q6y0
87,nextunicornfund@example.com,bwBNWJTIyfBw
88,uceacapitalpartners@example.com,WcmgYhhn20SH
89,mediatechhubaccelera@example.com,SM6WsVjIov1y
90,goingvcpartners@example.com,QAlDwD7Qtnou
91,carbono3ventures@example.com,53H7rLhMKyU6
92,gaiventures@example.com,07JaYOARFCVi
93,bitdefendervoyagerve@example.com,UjyJkHqjgdG3
94,skilltortechventure@example.com,IpBBXfl0ciej
95,dcaassetmanagement@example.com,S33QvIMeNV4a
96,clintcapital@example.com,cSA74S0N3aYk
97,continentalcvc@example.com,yecAMpzFGHnw
98,roguewomensfund@example.com,swcCK4kiuanK
99,singtelinnov8@example.com,yVRbrYjVileW
100,schoonercapital@example.com,kzyYcEvP4mtH
101,aipseedvc@example.com,ZVl10xiXf8CW
102,blastclub@example.com,3Vs4uK404lZK
103,brighteyeventures@example.com,1n5Kx3A0TB46
104,pipelinecapital@example.com,L86WynudkUIQ
105,thetechshopsgr@example.com,cj2lQPHblQzS
106,haatch@example.com,PvktoxAgHlAw
107,bh3growthequity@example.com,qXsGuIWagRjh
108,adamsstreetpartners@example.com,ahXH3i3ym3r2
109,weicapitalmanagement@example.com,eDeAlM4SzNIm
110,e12ventures@example.com,7UM7vyxChJcW
111,senovo@example.com,amqjFnCUTJ9A
112,janwinkler@example.com,qJ1dYoMoPbuV
113,georgerushmore@example.com,0X8r7dGRUZhg
