Investor_Name,Type,Locations,Check_Size_Min,Check_Size_Max,Stage,Requirements,Industries,Website,Logo_URL
No Brand,Family office,"Australia, New Zealand",25000,1000000,"3. Early Revenue, 4. Scaling","We invest in Australian or New Zealand startups in Seed or Series A rounds. Our areas of interest include: AI, ML,...",,https://www.openvc.app/fund/No%20Brand,https://www.openvc.app/images/funds/rec2z1pZEgUybJBI3.jpg
Norselab,VC firm,"Norway, Sweden+9",1.5000000,5000000,"3. Early Revenue, 4. Scaling+1","We invest in impact startups primarily in the Nordics. Investment Themes: Energy Transition, Circularity & Sustainable...",,https://www.openvc.app/fund/Norselab,https://www.openvc.app/images/funds/recUeW0LDZYgdMXdh.jpg
Via ID,Corporate VC,"Austria, Belgium+26",300000,5000000,3. Early Revenue,"We invest in European-based startups in the sustainable mobility (micromobility, electric vehicles, connected vehicles,...",,https://www.openvc.app/fund/Via%20ID,https://www.openvc.app/images/funds/recIN6myiB96exApd.jpg
Michael Broome,Solo angel,USA,25000,500000,"1. Idea or Patent, 2. Prototype+1",I invest in opportunities where I can combine my entrepreneurial and investing experience to help founders build...,,https://www.openvc.app/fund/Michael%20Broome,https://www.openvc.app/images/funds/recXn4vEpvYrjDJbM.jpg
Jeeny,Corporate VC,"India, Pakistan+9",50000,5000000,"3. Early Revenue, 4. Scaling","We invest in startups in Post-Seed and Pre-Series A stages that have created tangible momentum in ride-hailing,...",,https://www.openvc.app/fund/Jeeny,https://www.openvc.app/images/funds/recM7yg9hvjhj9Or0.jpg
OVC Ventures,Angel network,"UK, USA+25",150000,1.5000000,"3. Early Revenue, 4. Scaling+1","We invest in all sectors, move fast (two weeks), have a high preference for startups that can demonstrate initial...",,https://www.openvc.app/fund/OVC%20Ventures,https://www.openvc.app/images/funds/recTPpyulE0uJpv8E.jpg
Singtel Innov8,Corporate VC,"Singapore, Australia+3",1000000,5000000,"3. Early Revenue, 4. Scaling+1","We invest in 5G Enterprise & Applications, Data Privacy & Security, New Emerging...",,https://www.openvc.app/fund/Singtel%20Innov8,https://www.openvc.app/images/funds/recC8lr96CV1A7h2P.jpg
Vesna Capital,VC firm,"Ukraine, Poland+14",50000,200000,"3. Early Revenue, 4. Scaling",We invest in startups from CEE and Nordic regions at pre-seed and seed stages. Our average check size is $50-200k. We...,,https://www.openvc.app/fund/Vesna%20Capital,https://www.openvc.app/images/funds/rec7230rmZNTOUiIH.jpg
Keyhorse Capital,VC firm,USA,25000,1000000,"2. Prototype, 3. Early Revenue+1",We invest in pre-seed and seed stage companies based in Kentucky. Keyhorse is the investment arm of Kentucky Science...,,https://www.openvc.app/fund/Keyhorse%20Capital,https://www.openvc.app/images/funds/recPwxnEsFGIJ1FQD.jpg
Orange Ventures,Corporate VC,"Cameroon, Central African Republic+42",500000,20000000,"3. Early Revenue, 4. Scaling+1",We invest in European and North American series B/C startups. We also support Seed and Series A impact investing...,,https://www.openvc.app/fund/Orange%20Ventures,https://www.openvc.app/images/funds/recpFa2HqFSlIZ4Mc.jpg
Abac Nest Ventures,VC firm,Spain,150000,500000,"1. Idea or Patent, 2. Prototype+1",We invest in outlier entrepreneurs building B2S SaaS solutions to transform the SME industry across Southern...,,https://www.openvc.app/fund/Abac%20Nest%20Ventures,https://www.openvc.app/images/funds/rec2Q9z60OgvA883Y.jpg
Framework Venture Part...,VC firm,"Canada, USA",500000,10000000,4. Scaling,"We invest in Series A and B startups in Fintech, Insurtech, Vertical SaaS, and AI-powered platforms with B2B models and...",,https://www.openvc.app/fund/Framework%20Venture%20Partners,https://www.openvc.app/images/funds/recv435trqajHUmAD.jpg
Team8,VC firm,Israel,1000000,20000000,"1. Idea or Patent, 2. Prototype+2","We invest in, Cyber, FinTech, Enterprise Applications, Infrastructure & DevOps",,https://www.openvc.app/fund/Team8,https://www.openvc.app/images/funds/recBs6XhJsM1Fy0YE.jpg
Underline Ventures,VC firm,"Albania, Belarus+18",200000,1000000,"1. Idea or Patent, 2. Prototype+1",We invest in Eastern European founders building high-growth startups with global ambitions. We are...,,https://www.openvc.app/fund/Underline%20Ventures,https://www.openvc.app/images/funds/recjJ6VPbaQmUo6pB.jpg
Haatch,VC firm,UK,150000,620000,"1. Idea or Patent, 2. Prototype+1",We invest in UK-based B2B SaaS pre-seed or seed stage start-ups. Haatch is industry-agnostic with a portfolio across...,,https://www.openvc.app/fund/Haatch,https://www.openvc.app/images/funds/recTJ7TAoarqUxEbX.jpg
Lukkap Venture Lab,VC firm,Spain,50000,150000,"1. Idea or Patent, 2. Prototype+1",We invest in early stage startups that have already developed a product with a market fit. Our pre-money valuation...,,https://www.openvc.app/fund/Lukkap%20Venture%20Lab,https://www.openvc.app/images/funds/recMaAujdPSjRs8b1.jpg
Turenne Sant√©,PE fund,"France, Switzerland+4",1000000,3000000,"3. Early Revenue, 4. Scaling+1","We invest in Medtech, e-health, Software, service, CDMO/CRO innovationm, health. Early revenue/growth, non...",,https://www.openvc.app/fund/Turenne%20Sant%C3%A9,https://www.openvc.app/images/funds/recjglKYu9C3C0W3c.jpg
Ascentro Capital Partn...,PE fund,"New Zealand, USA+1",5000000,100000000,5. Growth,"We invest in AI, Fintech, Cybersecurity, Health, Hardware, Ecommerce, Marketplaces, Education, Enterprise, Childcare,...",,https://www.openvc.app/fund/Ascentro%20Capital%20Partners,https://www.openvc.app/images/funds/rec2FUcTVMjO6h7MI.jpg
NextUnicorn.Fund,VC firm,"USA, India",25000,500000,"1. Idea or Patent, 2. Prototype+3","We invest in AI & tech enabled StartUp's & industry agnostic. We are a high-conviction, tech-enabled Pre-seed /...",,https://www.openvc.app/fund/NextUnicorn.Fund,https://www.openvc.app/images/funds/rect9BIF8LR5UoYMJ.jpg
Epic Ventures,VC firm,Poland,250000,500000,"2. Prototype, 1. Idea or Patent","We invest in Polish B2B software and deeptech companies, having already helped more than 30 startups in raising funding...",,https://www.openvc.app/fund/Epic%20Ventures,https://www.openvc.app/images/funds/recImQp4gJ93w4MtC.jpg
